Tweet,Sentimiento_Label
"Â¡QuÃ© poco queda para el prÃ³ximo ğŸ”¥Burn MondayğŸ”¥! Lunes 23 de mayo a las 18h. aplicaremos la #IA en un viaje por obras pictÃ³ricas y hablaremos de la metodologÃ­a de un Hackaton con dos alumnis de #DataScience Â¡Saca tu entrada y ven a tomarte un @burn_es!ğŸ”‹â¬‡
https://t.co/6mNJvlmi9F",positivo
"Esta es la historia de IsisğŸ¤— que decidiÃ³ hacer un cambio en su vida profesional haciendo el #bootcamp de #uxui. Ahora, compagina su trabajo con el de Teacher Assistant en @TheBridge_Tech. El camino es duro pero seguro darÃ¡ sus frutosğŸ‘©â€ğŸ’»Â¡Gracias Isis por compartir tu experiencia! https://t.co/1UHKZW0UxN",positivo
Gracias @victorianoI y equipo por el anÃ¡lisis con @graphext de los datos en educaciÃ³n y tecnologÃ­a que vimos ayer en la primera charla de #letstalkabouteducation en @TheBridge_Tech y que pudimos debatir con @ikerarceseco Sin duda aprendimos mucho Â¡Volved cuando querÃ¡is! ğŸ§µHilo ğŸ“Š https://t.co/bLxwCvBQN5 https://t.co/wZSVGve1sn,positivo
"Â¿CÃ³mo combatir el paro juvenilğŸ¥µ? #tipdeldia En un paÃ­s con una tasa de paro rÃ©cord, hay que elegir bien dÃ³nde y quÃ© estudiar.

Si os querÃ©is especializar en el sector digital, os animamos a hacerlo con @TheBridge_Tech, que cuenta con un 92% de empleabilidad... Â¡Y CON BECA ğŸ‘‡! https://t.co/2OBZSnVk7r",negativo
"Â¿Con ganas de probar si un empleo tecnolÃ³gico es para ti? Ven a los talleres del campus de #Sevilla @ENCamaraSevilla 

24 Mayo â¡Taller #DataScience 
25 Mayo â¡Taller #DesarrolloWebFullStack
26 Mayo â¡Taller #Ciberseguridad
1 Junio â¡ Open Day

ğŸŸEntradas https://t.co/Cp05ZJBqVa https://t.co/Vyqa1l94hr",positivo
Los perfiles tecnolÃ³gicos mÃ¡s demandados en el futuro @TheBridge_Tech https://t.co/j93jBWSLij,negativo
La 2da presentaciÃ³n-coloquio del #LibroIC en #Madrid serÃ¡ el J26Mayo(18:30) en @TheBridge_Tech con TÃ­scar Lara (@tiscar) y Mario LÃ³pez de Ãvila (@nodosenlared)  +InformaciÃ³n e inscripciones: https://t.co/OVzv1SdR7x Â¡Â¡CompÃ¡rtelo!!,positivo
"Sin desmerecer el espectÃ¡culo del 28 de mayo en Paris, el 26 a las 18:30 en Madrid, @arey presenta su #libroIC en @TheBridge_Tech Entradas aquÃ­ https://t.co/4MM6HyxTrf",negativo
"Next week our CEO @victorianoi will be at @Thebridge_tech with @ikerarceseco to discuss the education sector ğŸ“ from a data-driven perspective. Join us online or at Paseo de Recoletos, 15, Madrid, to debate the challenges and opportunities the sector facesğŸš€ https://t.co/Vfbji4VN4b",negativo
@TheBridge_Tech @ikerarceseco @victorianoi @graphext Hola @TheBridge_Tech. Â¿Por quÃ© es obligatorio dar el nÃºmero de telÃ©fono para un evento que es en lÃ­nea?,negativo
"Descubre las posibilidades y misterios que oculta el #metaverso con @HavasGroupES ğŸ˜ Hablaremos de tipos de metaverso, estrategias de onboarding, casos reales... Â¡Promete ser muy interesante! PrÃ³ximo 19 de mayo a las 17.30h.
Consigue tus entradas ğŸŸhttps://t.co/KxeTH2ICpc",negativo
"ğŸ“»Los #bootcamps son para ""cualquier persona que quiera un empleo tecnolÃ³gico de calidad"", como bien explican InÃ©s GarcÃ­a Clariana y @AmparoGalbis1 en ""La Tarde con Marina"" en @999plazaradio. Escucha la entrevista completa de nuestro equipo de #ValenciağŸ”Šhttps://t.co/7HNlE0vpmO",positivo
"ğŸ‘¾ El caso #Pegasus, un ejemplo mÃ¡s de #ciberespionaje que pone en relevancia la necesidad de expertos en #ciberseguridad

Te contamos quÃ©s es ğŸ•µï¸â€â™€ï¸ y para quÃ© fue creado ğŸ‘‡ https://t.co/kyzgkQDZ8N",positivo
Â¡â€Letâ€™s talk about educationâ€! Os invitamos a la primera sesiÃ³n del nuevo ciclo de conferencias sobre #educaciÃ³n @ikerarceseco y @victorianoi debatirÃ¡n sobre los datos en el sector y descubriremos @graphext plataforma de #datascience no code. EntradasğŸŸ https://t.co/ksTzmzqqLQ,positivo
"Â¡Vamos con los talleres de mayo! Este mes tenemos un montÃ³n de #freeevents ğŸ‘©â€ğŸ’»Metaverso, OSINT, Sistemas de diseÃ±o UX/UI, un coloquio sobre educaciÃ³n ... Â¡No esperes mÃ¡s y saca ya tu entrada! ğŸŸhttps://t.co/Nlwg6cTDOa https://t.co/zWjT1I2AER",negativo
ğŸ‘ğŸš€Lanzamos una nueva ediciÃ³n de las #becas Digital Talent Pipeline para cursar un #bootcamp en junio y septiembre Â¿Quieres solicitar la tuya? Plazo hasta el 30 de mayo Â¡Date prisa #digitaltalent! â¡https://t.co/PXFR0q85F7 https://t.co/qwiGSm4WOI,positivo
La 2da presentaciÃ³n del #LibroIC en #Madrid serÃ¡ el J26Mayo(18:30) en @TheBridge_Tech acompaÃ±ados por  TÃ­scar Lara (@tiscar) y Mario LÃ³pez de Ãvila (@nodosenlared) sobre impacto de la #IC en el diseÃ±o y gestiÃ³n de las organizaciones. +Info/inscripciones: https://t.co/OVzv1SdR7x,positivo
"ğŸ¤©Â¿Quieres conocer el talento digital que llevas dentro? Â¡Ven a nuestro Open Day y descÃºbrelo! 

ğŸ“…Viernes 20 de mayo 11.15h en Paseo de Recoletos 15, Madrid.

ğŸŸSaca tus entradasğŸ‘‡ğŸ‘‡https://t.co/qq3WqsydKv",positivo
"Â¡Gracias a todos por el dÃ­a de hoy! ğŸ˜ğŸ˜

De la mano de: @AccentureSpain , Bonus Studios, @Making_Science_ @SomosMiogroup , Silicon HR , y @TheBridge_Tech hemos podido acercar el futuro talento digital hacia el mundo laboral ğŸ” ğŸ” 

#talent #empresas #marketing #BeGeneration https://t.co/wLbzhtXb94",positivo
En breve empezamos la charla sobre RV y PsicologÃ­a! Todo ready! @TheBridge_Tech https://t.co/lW3fvKhcGZ,positivo
MaÃ±ana estarÃ© junto a @LucaMefisto en una mesa redonda en @TheBridge_Tech donde hablaremos de la relaciÃ³n que hay entre #psicologia y la #realidadvirtual. Pinta interesante!!â€¦ https://t.co/FXt3Zdj7Uh,positivo
"Acabo de escuchar la charla de @kairos_ds en @TheBridge_Tech. Ahora que todo lo que tengo que aprender me abruma. Escuchar que si llego a la meta, me esperarÃ¡ una empresa asÃ­ (ojalÃ¡), un equipo en el que se respire ese buen rollo y amor por el trabajo, me da fuerza para pelear",negativo
@pmdr_1189 @TheBridge_Tech Lamentablemente,negativo
"Esto es hoy! 
Nos vemos en @TheBridge_Tech con @quierodata para hablar de crecimiento dentro de @kairos_ds ğŸ§¡ https://t.co/miTZChXSwJ",negativo
@burn_es Prueba de ello ğŸ“¸ğŸ”¥ https://t.co/7SWL2ionj3,negativo
"Nuestra Head de Data &amp; IA @quierodata, estarÃ¡ maÃ±ana en las oficinas de @TheBridge_Tech, para hablar de las oportunidades de crecimiento profesional dentro de KairÃ³s DS.ğŸ¤© 

@IrnMM la acompaÃ±arÃ¡ resolviendo cualquier duda sobre KairÃ³s DSâ€¦ 

Â¿Te veremos allÃ­?ğŸ§¡

#OrgulloKairÃ³s https://t.co/0hUC9XkPxF",positivo
"Los compaÃ±eros de @TheBridge_Tech nos hablan de #softskills en IT, en #devspega junto a @flyncercom 
El valor diferencial de todo profesional. https://t.co/0On5h6N9hR",negativo
"#ESTAPASANDO Talento y competencias digitales #SP22
InÃ©s Garcia @TheBridge_Tech
Enric Montesa @COEV_COM
Leticia Gonzalvez Directora marketing @sesamehr_
La competencia digital demandada en las empresas no son las bÃ¡sicas que todos tenemos. https://t.co/orPM5iTbPE",positivo
Tenemos que decir que el BURN Mondays de ayer con @TheBridge_Tech fue muy top! ğŸ”â€‹â¤ï¸â€ğŸ”¥,negativo
"Este jueves Job Market Place en @TheBridge_Tech con @spaingeneration La feria de empleo con el mejor talento de #marketingdigital @AccentureSpain, @Siliconhr1, ... participarÃ¡n en busca del mejor talento. Si eres empresa y quieres participar ğŸ‘‰https://t.co/0n4iufzfmi https://t.co/A51YStbfjF",negativo
"""Necesitaba formaciÃ³n tÃ©cnica para potenciar mi empleabilidad"", cuenta nuestra alumni Clara BayÃ³n a @el_pais ğŸ—Tras hacer el #bootcamp en #ciberseguridad ahora trabaja en @DeloitteDE Check it out! ğŸ‘‰https://t.co/XGIPZfmtx6 https://t.co/7jrVa74qTG",positivo
Mercedes Mac Pherson @Globant : 'Hay un desconocimiento grande del poder de transformaciÃ³n de la tecnologÃ­a' #mujerytecnologÃ­a @TheBridge_Tech https://t.co/OFDlmziC1y,positivo
Sara GÃ³mez @RainG 'La sociedad no sabe lo que hacemos los ingenieros y los tecnÃ³logos' #mujerytecnologÃ­a @TheBridge_Tech @Globant https://t.co/lYFyIZuW3J,positivo
Comienza nuestra segunda mesa 'CÃ³mo construir un futuro que nos representa'. AquÃ­ te dejamos el enlace para seguirnos en streaming https://t.co/ABQkBBLKmT #mujerytecnologÃ­a @Globant @TheBridge_Tech https://t.co/kApsKZ04SD,negativo
"Carmen Artigas, secretaria de Estado de DigitalizaciÃ³n e Inteligencia Artificial de Asuntos EconÃ³micos y TransformaciÃ³n Digital: 'Es nuestro momento. El momento de las mujeres' #mujerytecnologÃ­a @Globant @TheBridge_Tech https://t.co/gLjyCQPBRH",negativo
"'Nunca se progresa desde el miedo. Hay que arriesgarse disfrutando', Irene Cano @Meta #mujerytecnologÃ­a @TheBridge_Tech @Globant https://t.co/yaoUnWJIs6",negativo
"'Hay que tener una apertura de mente en los modelos educativos' MarÃ­a Rotondo @Telefonica 
AquÃ­ te dejamos el enlace para seguirnos en streaming https://t.co/ABQkBBLKmT #mujerytecnologÃ­a @Globant @TheBridge_Tech https://t.co/dB8tF3prJv",negativo
"A dÃ­a de hoy, el 41 % de las  investigaciones pÃºblicas las hacen mujeres. Descubre mÃ¡s datos en numerosas jornada @TheBridge_Tech #mujerytecnologÃ­a 
https://t.co/bNRyoB4h6y https://t.co/ZBQ4299zQW",negativo
@MujeresaSeguir @Globant @TheBridge_Tech QuÃ© gran panel!,negativo
"Â¿Unimos #psicologÃ­a, diseÃ±o #uxui y #realidadvirtual? La respuesta: SÃ! Te invitamos a la mesa redonda del 28 de abril en @TheBridge_Tech donde trataremos el diseÃ±o ux desde el punto de vista del tratamiento de las fobias a travÃ©s de la #vr. Entradas ğŸ‘‰https://t.co/JGOpD7p2rO",positivo
@MujeresaSeguir @Globant @TheBridge_Tech Apuntado en la agenda ğŸ‘Œ,positivo
Â¡Gracias a vosotros! https://t.co/g7otWL5xbs,negativo
"ğŸ“¢Como ya sabÃ©is, antes de #SemanaSanta, nuestro alumnado de la #FPinformÃ¡ticağŸ’» visitaron @TheBridge_Tech. Gracias a su trato hacia #ITEPğŸ”µ y su colaboraciÃ³n os ofrecemos nuevas imÃ¡genes de esa actividadâ€¼ï¸ En ellas queda patente el interÃ©s de la cita ğŸ‘ŒğŸ» https://t.co/nt0LFYitDB",positivo
@TheBridge_Tech Otro de los placeres de haber pasado unos meses en esas aulas!! ğŸ˜‰ğŸ‘©ğŸ»â€ğŸ’»,negativo
"Â¡QuÃ© bonito es nuestro palacio! ğŸ˜ Todo un privilegio para alumnos, profes y staff poder disfrutar de este espacio en pleno centro de Madrid. https://t.co/DCPt8lWJ6A",negativo
"Actualmente acoge las oficinas de The Bridge, una aceleradora de talento digital
ğŸ“· @TheBridge_Tech https://t.co/xgWzxnqdOI",negativo
@bertinha84 @TheBridge_Tech ğŸ‘ğŸ»ğŸ‘ğŸ»ğŸ‘ğŸ»  ğŸ™ŒğŸ»,negativo
"â–¶Os presentamos a JesÃºs, alumni reciÃ©n graduado del #bootcamp de #digitalmarketingops que tras acabar la carrera se lanzÃ³ en busca de una especializaciÃ³n en #MarketingDigital Â¡Gracias JesÃºs por compartir tu experiencia y mucha suerte! ğŸš€ MÃ¡s info ğŸ‘‰https://t.co/GtnhQmDsGP https://t.co/4VV7VDyjjP",positivo
@AndreaMaganRey @TheBridge_Tech https://t.co/fpGUkYnGX4,negativo
@bertinha84 @TheBridge_Tech A por ello @bertinha84 https://t.co/tz445Lv3mV,negativo
@alinnfm @TheBridge_Tech https://t.co/0IWmJ42wab,negativo
"@bertinha84 @TheBridge_Tech Â¡Â¡Que emociÃ³n!! ğŸ¤—
Todo lo bueno del mundo para ti en esta etapa ğŸ†",negativo
@bertinha84 Ese nudo es presagio de algo bueno ğŸ˜†Â¡Bienvenida a @TheBridge_Tech ! Muchas horas de #UXUI te esperan ğŸ™Œ Â¡sin miedo!,negativo
"@marcosDLCS @TheBridge_Tech Lo harÃ©, gracias Marcos ğŸ™‚",negativo
"@bertinha84 @TheBridge_Tech Mucha suerte en la nueva aventura.

Â¡No olvides compartir tu camino y tus experiencias! 

Seguro que son de utilidad para la comunidad.

ğŸ’ª",positivo
Hoy empiezo en un ratito mi camino en el Ux/ui de la mano de @TheBridge_Tech en su bootcamp. Tengo un nudo enorme en el estÃ³mago y todas las ganas de aprender. A por todas voy!,negativo
"@manufosela @Adalab_Digital @4GeeksAcademyES @socratech_ @TheBridge_Tech @ITAcademy @nebulova_es Muy orgullosos de nuestros Top Notch CodersğŸš€
Mucho Ã¡nimo a esa 6Âª #GeneracionK  de 
@kairos_ds con todo lo nuevoğŸ‘",negativo
"De los 21, hay 7 desarrolladoras de @Adalab_Digital, 4 de @4GeeksAcademyES, 2 de @CodenotchMAD, 1 de @socratech_ , 1 de @TheBridge_Tech, 1 de @ITAcademy, 1 de @nebulova_es y de FP-DAW y autodidactas.",negativo
A la vuelta de #SemanaSantaSevilla tocağŸ‘‰ #bootcampsğŸ§‘â€ğŸ’»EspecialÃ­zate en #datascience o #desarrollowebfullstack con nuestros programas en colaboraciÃ³n con @ENCamaraSevilla Â¡Estudia en pleno centro de Sevilla! Y en unos meses sal a comerte el sector techğŸš€https://t.co/1MQSzZSqLv https://t.co/ggtxFWCV72,positivo
"ğŸ“…El 25 de abril estrenamos los #BurnMondaysğŸ”¥, con la colaboraciÃ³n de @burn_es, una oportunidad para que nuestr@s alum@s puedan presentar sus proyectos, hacer un taller... En definitiva, mostrar su talento alğŸŒ Â¡Save the date! â¡ Entradas https://t.co/yzVCLHZXVd  
#bootcamps https://t.co/yZuTjBCGIf",negativo
@burn_es Â¿AlgÃºn que otro? ğŸ˜ Toda energÃ­a extra es bienvenida y necesaria ğŸ”‹ğŸ”¥ Â¡Gracias @burn_es! Pronto haremos buen uso de ella... https://t.co/p0uELS5eIf,negativo
"Nos han contado que en @TheBridge_Tech se lo curran mucho... Hemos colado algÃºn que otro BURN, Â¿os viene bien una ayudita de energÃ­a? ğŸ”‹ğŸ”¥",negativo
En dos semanas empezamos los bootcamps Part Time (compatibles con trabajo/estudios) en #Sevilla y en @ENCamaraSevilla ya hay quiÃ©n ha empezado a calentar!!ğŸ’ª Â¿Preparados para lo que viene? ğŸ‘‰https://t.co/1KbOQQK8iw https://t.co/qfXAXSFyZ4,negativo
@TheBridge_Tech Â¡A vuestra disposiciÃ³n! Â¡Muchas gracias!,negativo
"@AndreaMaganRey Hola Andrea Â¡QuÃ© gran trabajo! Estamos encantados de pasarte informaciÃ³n para que puedas completar ese listado, te mandamos un DM ğŸ‘",negativo
@assemblerinstit @TheBridge_Tech @CraftCodeTech @CodeHouseLearn @CodenotchMAD @NeolandStudio @Adalab_Digital @IEuniversity @lemoncoders @codeworks @geeks_academy @penascalf5 Hola. Lo tenemos en formato Json en Git. https://t.co/x2dnE2VFAB PodÃ©is hacer un PR ;),negativo
"@raulcotrina @TheBridge_Tech @CraftCodeTech @CodeHouseLearn @CodenotchMAD @NeolandStudio @Adalab_Digital @IEuniversity @lemoncoders @codeworks @geeks_academy @penascalf5 Muy buenas RaÃºl, nos parece una idea increÃ­ble. Â¿Me dices donde te pasamos la informaciÃ³n de los cursos que tenemos actualmente?",positivo
"Cuando piensas en un hacker... Â¿Te imaginas a una mujer? ğŸ¤” ""Son muy pocas las mujeres que deciden apostar por estudios de tecnologÃ­a, hay que fomentar la inclusiÃ³n de las mujeres en un mercado laboral con un futuro muy prometedor"", explica @ikerarceseco ğŸ‘©â€ğŸ’»https://t.co/UQgHL1tLCQ",positivo
Hemos colaborado con @TheBridge_Tech aportando el proyecto final de los alumnos para el DesafÃ­o de Tripulaciones y premiando a los 3 grupos con una donaciÃ³n para la ONG de su elecciÃ³n. IncreÃ­bles resultados en tiempo rÃ©cordğŸ¤© #apoyamoseltalentotech https://t.co/vJ5HdV6gSN https://t.co/LpSUpFtdfp,positivo
"Â¡LlegÃ³ el dÃ­a! Hoy es el #DesafiodeTripulaciones âš” en el campus de #Valencia Â¡Mucha suerte a toda esa primera promociÃ³n valenciana presentando sus sÃºper webapps! No te lo pierdas â–¶ Sigue ya el DIRECTO aquÃ­ https://t.co/lLXz2wKxaX

#datascience #fullstackwebdevelopment #bootcamp",negativo
"Seguimos con la 2mesa #ForoVocentoEducaciÃ³n: FormaciÃ³n para el futuro y las nuevas profesionales que vienen. Participan:
â–ªï¸ @JuanJoseJuarez @FBertelsmann
â–ªï¸ @mortizcotro @FundCreate
â–ªï¸ Iker Arce @TheBridge_Tech
â–ªï¸ Gabriel Masfurroll @UABBarcelona
ğŸ”´DIRECTO https://t.co/8xxFlqVpCP https://t.co/3qAkFVQ9bs",positivo
"A partir de las 11h nuestro CEO @ikerarceseco participa en el #ForoVocentoEducacion en el debate ""FormaciÃ³n para el futuro y las nuevas profesiones que vienen"" organizado por @Vocento (@vocentoeventos) y @KreabEspana. SÃ­gueloğŸ”´EN DIRECTO â¡ https://t.co/JFh6RBMBd4 https://t.co/OvbZKL0yVZ https://t.co/RJvjrxULch",negativo
"2âƒ£ FORMACIÃ“N PARA EL FUTURO Y LAS NUEVAS PROFESIONES QUE VIENEN
â–ªï¸ @JuanJoseJuarez (@FBertelsmann)
â–ªï¸ @mortizcotro (@FundCreate)
â–ªï¸ Iker Arce (@TheBridge_Tech)
â–ªï¸ Gabriel Masfurroll (@UABBarcelona)
Modera: Antonio San JosÃ© (@asanjoseperez) (@KreabEspana) 
#ForoVocentoEducaciÃ³n https://t.co/kMY2q5gEZE",negativo
"Jaime, estoy seguro de que en @TheBridge_Tech , la aceleradora de talento digital lÃ­der en nuestro paÃ­s, estarÃ­an encantados de ayudarte en la organizaciÃ³n de ese Hackhaton. Al menos yo lo estoy ğŸ˜‰ https://t.co/60ybQN84qk",positivo
"La @camaradesevilla organiza junto al Grupo Planeta y su presidente JosÃ© Lara, este encuentro con las empresas #ClubCÃ¡mara para recoger las necesidades del #SectorTecnolÃ³gico y presentar nuestra oferta de #Bootcamps de la mano de @TheBridge_Tech https://t.co/rJkWd5MKT8 https://t.co/J6SHTHXylM",positivo
Hoy han venido a visitarnos los alumnos de @itep_es de #DAM #ASIR y #MARKETING para conocer nuestro campus de Madrid y el futuro de profesiones tecnolÃ³gicas como las suyas Â¡Esperamos que hayais pasado una estupenda jornada! Sois los profesionales #techie del maÃ±ana ğŸ‘©â€ğŸ’»ğŸ§‘â€ğŸ’» https://t.co/U1gPnU7TgI,negativo
"Â¿Crees que lo sabes todo?ğŸ¤“Â¡DÃ©jate sorprender! AdÃ©ntrate en el mundo de la #ProgramacionWeb y las criptomonedas, conoce la metolodogÃ­a #Scrum o profundiza en el #deeplearning. ApÃºntate a nuestros talleres gratuitos y amplÃ­a horizontes ğŸ‘‰https://t.co/bYfstQB02R https://t.co/O1Y4J6puMR",positivo
"Â¡Comenzamos el #Desafiodetripulaciones âš” de la promo full time de noviembre! El tema de los proyectos: el #coliving, con la colaboraciÃ³n de @TheFringeLABS  Â¡No te pierdas las web apps que han creado! ğŸ”´EN DIRECTO https://t.co/PepMdUmCMu",positivo
"ğŸ‰ Congrats to @simplilearn, @TheBridge_Tech, @thinkful, and @udacity who made it on our list of the 14 Best Digital Marketing Bootcamps of 2022! https://t.co/tgUf4qX2DX https://t.co/MIhFTrM9lA",negativo
"MÃ¡s de 300.000 expertos en #ciberseguridad se han unido en una especie de ""ejÃ©rcito IT"" en Ucrania para llevar a cabo ataques informÃ¡ticos contra infraestructuras y empresas rusas ğŸ‘¾ğŸ”“https://t.co/CERWGVqWQw",negativo
"En 2021, las instituciones que forman profesionales digitales con modelos de Bootcamp prepararon a mÃ¡s personas que el 94% de las universidades espaÃ±olas @Adalab_Digital @TheBridge_Tech @ironhack https://t.co/zyzeLrNdLo",negativo
"ğŸ” We've combed through student &amp; alumni reviews to find the 17 Best Cyber Security Bootcamps of 2022, including @Level_Effect, @nexgent, @simplilearn, @Springboard, and @TheBridge_Tech! 
https://t.co/t9VCetS80T https://t.co/uhS3m8KSBT",negativo
@PICKYUAN @TheBridge_Tech @PagePersonnel Yo por experiencia te dirÃ­a que busques otra escuela. Cuando las cosas funcionan bien todo muy bonito ahora cuando noâ€¦ no hacen nada y te dicen que esto es lo que hay ğŸ˜…ğŸ¤¦â€â™‚ï¸,negativo
Â¡Muy contentos por todos ellos! 100% empleabilidad en la promociÃ³n de junio. Gracias desde @TheBridge_Tech por confiar y ponerlo todo tan fÃ¡cil Â¡Felicidades! #fullstackdevelopers #datascientists #digitalmarketers #uxuidesigners #cybersecurityanalysts ğŸ¯ğŸ’¼ https://t.co/R0eGi9QXv5,positivo
"ğŸ‘¾La #ciberseguridad, mÃ¡s necesaria que nunca.

El #sectortecnolÃ³gico pide mÃ¡s financiaciÃ³n y formaciÃ³n de profesionales para evitar ataques a sectores claves para la economÃ­a como energÃ­a, finanzas y transporte ğŸ”’Â https://t.co/OxY8JpRavS",positivo
"Â¿AlgÃºn identificado en la sala? ğŸ˜‚

#desarrolloweb #css #fullstackdeveloper https://t.co/169UXtS1b5",positivo
Faltan por salir las listas de #UXUIProductDesign #DataScience y #DesarrolloWebFullStack Â¡SerÃ­a estupendo volver a aparecer!,negativo
Â¡El #bootcamp de #Ciberseguridad de @TheBridge_Tech vuelve a estar entre los mejores bootcamps del mundo! Y este aÃ±o tambiÃ©n nos estrenamos con el de #DigitalMarketingOps que entra por primera vez en la lista de #CourseReport! Una sÃºper noticiağŸ‘ğŸ‘Â¡Gracias a todos! #bestbootcamps https://t.co/3xShvybDST,positivo
"DÃ­a para agradecer a @TheBridge_Tech y @Glovo_ES la oportunidad que han dado a estos dos cracks para formarse con @codeorg en programaciÃ³n por bloques en un curso de 48 horas de duraciÃ³n.
Bravo ğŸ™Œ 
ğŸ”ğŸ¦¸ğŸ»â€â™‚ï¸ğŸ¦¸ğŸ»â€â™€ï¸ğŸ­ğŸ‡ªğŸ‡¸ https://t.co/ZTCrroHQTc",positivo
[OpiniÃ³n] Por mÃ¡s mujeres lÃ­deres en tecnologÃ­a https://t.co/FqVeFL1ljq https://t.co/SFOFIEv1Uo @TheBridge_Tech https://t.co/kBo9xGdGrU,negativo
[OpiniÃ³n] Por mÃ¡s mujeres lÃ­deres en tecnologÃ­a - https://t.co/FqVeFL1ljq @TheBridge_Tech https://t.co/TE5sXsBaAT,negativo
"@PICKYUAN @PagePersonnel Sentimos mucho el fallo tÃ©cnico. Revisaremos que pudo pasar, pueden conectarse a prÃ³ximos eventos o contactarnos si quieren mÃ¡s informaciÃ³n sobre la escuela llamar al 919 01 72 57 Â¡Gracias!",positivo
"@TheBridge_Tech @PagePersonnel Mi hijo y yo nos apuntamos con muchos dÃ­as de antelaciÃ³n
Hoy a las 7 nos conectamos y aparece el mensaje ""Enlace caducado"": no nos hemos podido conectar
Es una pena que, ademÃ¡s de tener que recurrir a lo on-line, con la frialdad que supone, ocurran estos fallos tÃ©cnicos
Muy mal",positivo
"Â¡Empezamos el 21 de marzo en #Sevilla! No te puedes perder este taller de empleabilidad con el que arrancamos ğŸš€ Entradas: https://t.co/91M74qEah2
ğŸ“…Hoy a las 19h
ğŸ“C/Isabela 1, Sevilla
@ENCamaraSevilla https://t.co/euWktCKqYp",negativo
"Toma contacto con el #marketingdigital de la mano de @TheBridge_Tech. Aprende a usar el contenido, el email, las redes sociales y la publicidad digital en este taller impartido por @jpereznavarreteğŸ“

ğŸ“…Jueves 3 de marzo, 18-19h (online)

#EventoDeLaSemana  #masterclass #MyNews",positivo
Gracias @insidezeusdata y @vicencf por la jornada formativa Â¡Fue toda una experiencia para nuestros alumnos de #Valencia! ğŸ¤— https://t.co/CCJh9DGB2f,positivo
"Nuestro PMO @vicencf da una clase a los alumnos de @TheBridge_Tech  en nuestras instalaciones ğŸš€

#bigdata #data #education https://t.co/jiskmovU0m",negativo
"Â¡#Datascientist mirad esto! âš½ğŸƒ CÃ³mo @LaLiga utiliza el dato y la inteligencia artificial (IA) para predecir cuÃ¡les son las mejores fechas para celebrar partidos, monitorizar la venta de entradas... Â¡Interesante conocer su filial @LaLigaTech! https://t.co/HrEwHLEivh
#datascience",positivo
Â¡Gracias a vosotros! Los alumnos se llevaron grandes consejos y una visiÃ³n del mercado laboral en profesiones #tech desde la perspectiva de #seleccion y #recruitment ğŸ¤© @PagePersonnelES @michaelpage_es https://t.co/GaG9M8PTOA,positivo
"Hace unos dÃ­as, nuestras compaÃ±eras InÃ©s Bdiri y Alba Calvo estuvieron en la Aceleradora de Talento digital @TheBridge_Tech para contar a sus alumnos las ""best practices"" en la bÃºsqueda de empleo y Â¡fue un Ã©xito! ğŸ‘

Â¡Gracias a todos los asistentes!ğŸ™Œ https://t.co/JLvRI7z6Ti",positivo
"Si veis estos carteles por Sevilla, SÃ, SOMOS NOSOTROS! Aterrizamos en marzo con los #bootcamps en #DataScience y #DesarrolloWebFullStack Â¡Pide informaciÃ³n sin compromiso! En colaboraciÃ³n con @ENCamaraSevilla y @camaradesevilla ğŸ‘ https://t.co/V8mmlFAlEc https://t.co/JUOBlK4F7V",positivo
"ğŸ“¢Â¡Ãšltima semana!
AÃºn puedes solicitar una de las becas que otorgamos junto a @IndraCompany para la realizaciÃ³n de un #bootcamp de Desarrollo Web Full-stack en @TheBridge_Tech ğŸ’»

ğŸ’»10 #becas dirigidas a personas con #discapacidad con formaciones #STEM ğŸ“² https://t.co/ubL3Gyg3Gl https://t.co/yHUvz4zCXG",negativo
"Â¡Nuevos eventos para febrero y marzo! Talleres sobre #IA, #marketingdigital #empleabilidad, #ciber, #datascience Â¡No te los pierdas e inscrÃ­bete! â¬‡ï¸ https://t.co/bSsTjrDH8l https://t.co/4b1jxJmMLO",negativo
Yo he caÃ­do en el bootcamp de Data science de @TheBridge_Tech en madrid. Si valor agregado consiste en presionarte para que aprendas por tu cuenta. Si no aprendes es tÃº culpa porque su mÃ©todo es muy sÃ³lido. Aunque se queje el 50% de la clase. https://t.co/g892EydfYy,positivo
Â¿AÃºn no has solicitado tu beca para el #bootcamp de Desarrollo Web Full-stack en @TheBridge_Tech? Si tienes #discapacidad y una formaciÃ³n universitaria #STEM puedes recibir una de las 10 becas de @IndraCompany y @FUniversia ğŸ“²Â¡InscrÃ­bete ya! https://t.co/wYjp06QE9c https://t.co/bLDY1DVOKa,negativo
Presentando nuestra 2Âª ediciÃ³n del Programa de Mentoring de forma presencial en @TheBridge_Tech. Encantadas con la asistencia y el apoyo de nuestros mentores y mentees ğŸ™‚ğŸ™‚ Muchas gracias!! #womenincyber #W4C https://t.co/JcPYHB5Aze,positivo
@peritecno @jcgalindo_ @Women4Cyber_SP @TheBridge_Tech @bbva @sanitas @unicc_ict @EduvigisOrtiz @tima_soni QuÃ© pena no poder asistir de manera presencial y poder conocer al resto de mentores y mentees,negativo
@uxbs_podcast El bootcamp de @TheBridge_Tech,negativo
"Hoy se celebra VLC Tech Women con motivo del #DiaDeLaMujeryLaNiÃ±aEnLaCiencia, un evento en el que se hablarÃ¡ de inteligencia artificial, datos y el futuro de la mujer en la tecnologÃ­a @AcmUpv @AcmWUpv https://t.co/OhDBKHnsQQ Â¡Promete ser muy interesante!ğŸ‘©â€ğŸ’»",positivo
"Sevilla estÃ¡ llena de talentos digitales por descubrir Â¿te animas a conocer las profesiones del futuro?ğŸ§‘â€ğŸ’»Ven al taller y conoce de la mano de @pagepersonnel los perfiles mÃ¡s demandados Â¡Saca tus entradas!ğŸ‘‰ 2 de marzo, 19h. https://t.co/5UMpplARdX",positivo
Â¡Feliz martes porque podemos anunciar que los Proptech Thursdays aterrizan en Madrid el 3 de marzo! ğŸ‰Hemos creado estos eventos mensuales con la colaboraciÃ³n de @apicatalunya  y @TheBridge_Tech  y podÃ©is reservar vuestras entradas en este enlace: https://t.co/cHFFfDUA9Z,negativo
"AÃºn puedes solicitar una de las becas que otorgamos junto a @IndraCompany para la realizaciÃ³n de un #bootcamp de Desarrollo Web Full-stack en @TheBridge_Tech ğŸ’»

Son 10 #becas dirigidas a personas con #discapacidad con formaciones #STEM ğŸ“² https://t.co/ubL3GyycUt https://t.co/KAzkvXPFkY",negativo
"Muchas ganas de hablar este martes con alumnos de @TheBridge_Tech acerca de como hacemos #DataScience #MachineLearning en Decathlon
https://t.co/asAw5W6uht https://t.co/4HOtEnbx7P",negativo
AutomatizaciÃ³n y el Covid-19 en el horizonte del nuevo trabajador https://t.co/aA3d4D199h #TalentoProfesional #TheBridge #Automatizacion @thebridge_tech,negativo
"Â¡Nos visita @DecathlonES ! Si te interesa la ciencia de datos y cÃ³mo se aplica a proyectos reales Â¡ApÃºntate al evento! ğŸ‘‡ El 8 de febrero a las 17.30h ğŸ˜‰
#datascience #bestpractice #freeevent
https://t.co/pXyFXll3fa",positivo
"Cada vez se habla mÃ¡s de las ""soft skills"" y de lo importante que son para aplicar a posiciones tecnolÃ³gicas Â¡Descubre cuÃ¡les son en nuestro evento ""Soft Skills en tiempos de robots""! Saca tu entrada ğŸ‘‡
https://t.co/PfcDscwDtP",negativo
"ğŸ”¥ Â¡Impulsa tu carrera profesional con los nuevos #BootCamps de la @encamarasevilla!

âœ…Participa en el #OpenDay de los BootcampsğŸš€ de Data Science y Desarrollo Web Full Stack con @TheBridge_Tech.

MÃ¡s informaciÃ³n en â¤µ

https://t.co/CspTlfsJR8 https://t.co/ModB2H17pc",negativo
"AÃºn puedes solicitar una de las becas que otorgamos junto a @FUniversia para la realizaciÃ³n de un #bootcamp de Desarrollo Web Full-stack en @TheBridge_Tech ğŸ’»
Son 10 #becas dirigidas a personas con #discapacidad con formaciones #STEM ğŸ“² https://t.co/wYjp06QE9c https://t.co/OYCENTaRMr",negativo
"@kenia913 @_JorgeSLL_ @ChemaCorbacho @InesSainzOf @CHANCE_es @TheBridge_Tech No es asÃ­. Hay una carrera universitaria llamada Ciencia de Datos y tambiÃ©n postgrados, pero lo que ha hecho ella es un curso de 15 semanas que no require tener estudios previos, el Ãºnico requisito haber cumplido 18 aÃ±osâ€¦ 15 semanas de curso y se autodefine como â€œCientÃ­ficaâ€ ğŸ¤¦ğŸ»â€â™€ï¸",negativo
"ğŸ‘ @FUniversia, @IndraCompany y @TheBridge_Tech ponen en marcha programa de formaciÃ³n tecnolÃ³gica gratuita para personas con discapacidad.

Lee mÃ¡s aquÃ­ ğŸ‘‰ https://t.co/8S1QiTK66I https://t.co/I2gFpUMUnG",negativo
"ğŸ“°@UniversiaES, @IndraCompany i @TheBridge_Tech signen un acord per a engegar un programa de #beques dirigit a persones amb discapacitat que compten amb estudis #STEM, als quals donaran accÃ©s a un bootcamp d'aprenentatge en Desenvolupament Web Full-stack

https://t.co/dd3G8smkNU https://t.co/kwtYcCiyBV",negativo
"Â¡Open Day Sevilla! Asiste al evento y conoce mÃ¡s sobre los bootcamps de #DataScience y #DesarrolloWebFullStack en nuestra nueva sede en la @ENCamaraSevilla @camaradesevilla Â¿EstÃ¡s pensando en acelerar tu carrera digital?

ğŸ‘©â€ğŸ’»Saca ya tus entradasğŸš€https://t.co/j6mTRz4NDB",positivo
"Â¡Inside The Bridge! Â¡EmociÃ³n a flor de piel! AsÃ­ reacciona Miriam SÃ¡nchez, la profe de UX/UI a los #proyectosfinales de los alumnos Â¡Se puede decir que ya son UX/UI Designers! ğŸ˜†

#uxui #bootcamp #clases #motivacion #palabrasraras https://t.co/bU5ZaGcTPV",negativo
"Junto con @IndraCompany lanzamos 10 becas destinadas a la realizaciÃ³n de un #bootcamp de Desarrollo Web Full-stack en @TheBridge_Tech ğŸ’»
Estas becas estÃ¡n dirigidas a personas con #discapacidad que cuenten con formaciones #STEM 
ğŸ“…Hasta el 28/02
ğŸ“² https://t.co/ubL3GyxF4V https://t.co/UP09YF3eb9",negativo
"Junto a @FUniversia otorgamos 10 becas destinadas a la realizaciÃ³n de un #bootcamp de Desarrollo Web Full-stack en @TheBridge_Tech 
ğŸ’» Estas becas estÃ¡n dirigidas a personas con #discapacidad con formaciones #STEM  
ğŸ“…Hasta el 28/02 https://t.co/wYjp06QE9c https://t.co/qb8rHZOxtG https://t.co/uIIWUf5IZH",negativo
Hoy tenemos reto de tripulaciones @TheBridge_Tech Un dÃ­a muy especial para todos! Enhorabuena a todos los alumnos que se gradÃºan hoy. https://t.co/f0nCFK8asz,negativo
"Nuevo eventoğŸ¤©""La Inteligencia Artificial y la Ley: lo que hay y lo que viene"" a cargo de @rayadvd

ğŸ“†25 de enero en @TheBridge_Tech

Â¡Saca ya tus entradas!ğŸŸï¸https://t.co/EG7QBigIgJ

#ResponsibleAI #AILaw #Compliance @nodosenlared 
@josepcurto",positivo
"El claustro de #DataScience de @TheBridge_Tech ha creado este ""escalofriante"" vÃ­deo haciendo uso de Inteligencia Artificial con motivo del tema del #DesafÃ­odeTripulaciones sobre la protecciÃ³n de las marcas Â¡Alumnos y famosos se mezclan en este ejercicio de #deepface! #IA ğŸ¤¯ https://t.co/3Eg8WYfV2p",positivo
"La directora de #ciberseguridad de @siemens @NataliaOropezaG  aboga por una sÃ³lida estrategia de ciberseguridad de manera proactiva, y no reaccionar ""tras haber tenido un ataque o una auditorÃ­a interna, instalando algunas medidas aquÃ­ y allÃ­""âš”ï¸ #Checkitout
https://t.co/3ZXCwOU8pT",positivo
"Del periodismo al marketing digital ğŸ¤¸ esta es la historia de Blanca GÃ³mez y su experiencia cursando el #bootcamp de #DigitalMarketingOps en @TheBridge_Tech Â¡Dale al â–¶! 

#digitaltalent #aceleratucarrera https://t.co/sU5Ogt3xGn",positivo
"Ciclo de Conferencias sobre Inteligencia Artificial Responsable curso 21-22:
""La Inteligencia Artificial y la Ley: lo que hay y lo que viene"" a cargo de @rayadvd 
El 25 de enero, en @TheBridge_Tech info: https://t.co/Zyvxg8uLb0 #ResponsibleAI #AILaw #Compliance | Cc @josepcurto https://t.co/ZqomfcYZ8j",positivo
Me encantarÃ­a saber que les enseÃ±an sobre estadÃ­stica en el super curso de data science de @TheBridge_Tech,negativo
"@cbusquets Hola, @TheBridge_Tech te da la opciÃ³n de pagar una vez consigues trabajo. @uxerschool tambiÃ©n te da opciones de pago. En mi opiniÃ³n son los dos top de Madrid",positivo
"Â¿Quieres formarte en una de las profesiones que mÃ¡s futuro tienen en la actualidad?
Acuerdo entre @camaradesevilla y @TheBridge_Tech 
https://t.co/RyKjNHm0AE
#pymes #autonÃ³mos #emprendedores #Sevilla
#Actualidad #Noticias #NoticiasHoy",positivo
